voltage mean,voltage std,voltage kurtosis,voltage skewness,CC Q,CC charge time,voltage slope,voltage entropy,current mean,current std,current kurtosis,current skewness,CV Q,CV charge time,current slope,current entropy,capacity
4.144742714405031,0.03903959814565368,2.394733418854165,-1.6313138134644405,0.7798385776100206,1873.8909999999998,6.286475214385856e-05,183.6514335944819,0.21996517091395373,0.11111753187215509,-0.17037041484878923,0.9175142940118918,0.2303976405320702,3780.0000000000005,-9.613152400470674e-05,422.9108038795968,1.4183095114360322
4.120269960761778,0.044799909077309366,-0.1363557550221035,-0.7355182677958596,0.4165492747543999,1000.844,0.00014936909791968527,133.99061083830395,0.20318398421841485,0.10692777311700574,0.1498371641754419,1.095122656660633,0.27427516919182204,4852.921999999991,-7.021724988670253e-05,496.9807684223762,1.3707123028693164
4.128655327839954,0.0448350556636339,0.046448614431284785,-0.8245445272996467,0.4377546966456894,1052.14,0.0001414502840969664,124.63147537955042,0.20536553985933884,0.10516067067299842,0.2985337289665533,1.1070349399530681,0.2833577711552572,4973.655999999999,-6.751627364793208e-05,517.4853188012477,1.3515647352626494
